BookingID,Building,RoomID,Category,Name,Reference,Mobile,Place,FromWhere,CheckIn,CheckOut
"1771045150793","OGH","01","Private","Ravinder Patter","","9958068500","उप नियंत्रक एवं महालेखाकार","नईदिल्‍ली ","2026-02-13T16:00","2026-02-15T15:00"
"1771326906854","OGH","01","Guest","Son of Ravinder Verma, Retd PCSC","CVO/BLW","9431124567","","NCR","2026-02-18T00:00","2026-02-21T23:00"
"1782109014743","OGH","01","Private","Yogesh Kr Srivastava","","","Member/Tech/RCT","","2026-06-04T00:00","2026-07-04T23:00"
"1771246396744","OGH","02","Private","P K Sahoo","","","Member (Tech) RCT","Rachi","2026-02-08T00:00","2026-02-20T22:00"
"1771045418424","OGH","02","Private","P K Sahoo ","","","Member( Tech.) RCT","Ranchi","2026-02-20T23:00","2026-02-22T14:00"
"1771414378095","OGH","02","Private","E V Krishna Reddy ","","","Retd. PFA","","2026-02-24T12:00","2026-02-25T11:00"
"1782213958931","OGH","02","On Duty","Krishan Mohan Singh ","","8765229513","Exe. Dir.","RDSO","2026-06-24T18:00","2026-06-25T22:00"
"1782387276424","OGH","02","Guest","Dr Harshvardhan ","Shishir Tyagi, Dy CEE/HQ","940798011","Add. Chief Medical Officer ","","2026-06-26T21:00","2026-06-29T08:00"
"1789552618687","OGH","02","Guest","Rajiv Parmar","GM/WCR","","","","2026-09-15T20:00","2026-09-17T16:00"
"1771045538064","OGH","03","Private","J P Tiwari","","","Member( Judicial) RCT","Ranchi","2026-02-08T10:33","2026-02-19T21:00"
"1771487039273","OGH","03","Guest","Eva Ispita ","P K Sahoo, Member ( Tech)","","","","2026-02-19T23:00","2026-02-22T09:00"
"1771329152798","OGH","04","On Duty","Dr Rajiv Agrawal ","","9811162834","Cardiologist","Max Hospital New Delhi","2026-02-18T08:00","2026-02-18T18:00"
"1771487140385","OGH","04","Private","Anita Veer","Late V V Chakravarty, FA&CAO(G)","","","C Rly","2026-02-20T00:00","2026-02-23T23:00"
"1782109097655","OGH","04","Private","Bipul Singh ","","9794861490","CME/SE/BLW","","2026-06-19T00:00","2026-06-28T23:00"
"1771045718366","OGH","05","Private","Panna Lal ","","","DRM","Salem","2026-02-13T12:00","2026-02-14T08:00"
"1771223758984","OGH","05","Guest","Dr Abhishek Singhal","Sanjay Sehgal, Pr.Staff Officer to CRB","9893283945","","","2026-02-17T00:00","2026-02-18T23:00"
"1771414469102","OGH","05","Private","R K Rai","","","Retd PCEE/BLW","","2026-02-20T06:00","2026-02-20T22:00"
"1771487212305","OGH","05","Guest","Dr I N Bajpeyi","CMM/HQ/BLW","","","","2026-02-21T00:00","2026-02-22T23:00"
"1789553524077","OGH","05","Private","Neeraj Verma","","","PFA","ECR/HJP","2026-09-17T09:00","2026-09-19T19:30"
"1771045718367","OGH","06","Private","Panna Lal ","","","DRM","Salem","2026-02-13T12:00","2026-02-14T08:00"
"1771223856904","OGH","06","Private","Governor of Assam","","","","","2026-02-16T16:00","2026-02-19T21:00"
"1771047120729","OGH","06","Private","Sujay Upadhayay","FA&CAO/HQ","9794861101","Ex.ED/Fin Commercial ","RB","2026-02-21T00:00","2026-02-22T23:00"
"1771223910624","OGH","07","Private","Governor of Assam","","","","","2026-02-16T16:00","2026-02-19T21:00"
"1771310991784","OGH","07","Private","Sujay Upadhayay ","","","Retd ED/Fin","RB/Delhi","2026-02-21T23:00","2026-02-22T23:00"
"1782109131783","OGH","07","Maintenance","Maintenance","","","","","2026-06-01T00:00","2026-06-30T23:00"
"1771050048213","OGH","08","Private","GM","","","","NCR","2026-02-15T09:00","2026-02-15T23:00"
"1771223942928","OGH","08","Private","Governor of Assam","","","","","2026-02-16T14:00","2026-02-19T21:00"
"1771414790245","OGH","08","Private","S K Sharma ","","","Retd. Principal CAO","COFMOW","2026-02-23T11:00","2026-02-26T09:00"
"1782109149599","OGH","08","Maintenance","Maintenance","","","","","2026-06-01T00:00","2026-06-30T23:00"
"1771050048214","OGH","09","Private","GM","","","","NCR","2026-02-15T09:00","2026-02-15T23:00"
"1771223989823","OGH","09","Private","Governor of Assam","","","","","2026-02-16T16:00","2026-02-19T21:00"
"1782387706391","OGH","09","Private","Governor of Assam","","","","","2026-06-26T20:00","2026-06-30T23:00"
"1771473730983","OGH","10","On Duty","PCEE","","","","NCR","2026-02-19T00:00","2026-02-19T19:00"
"1782387706392","OGH","10","Private","Governor of Assam","","","","","2026-06-26T20:00","2026-06-30T23:00"
"1771487349521","OGH","11","On Duty","Janak Kumar Garg","","","CCRS","New Delhi","2026-02-20T00:00","2026-02-21T23:00"
"1782387706392","OGH","11","Private","Governor of Assam","","","","","2026-06-26T20:00","2026-06-30T23:00"
"1771045913198","OGH","12","Private","Ajay Kr Dubey","","","Retd GM","RWF","2026-02-14T00:40","2026-02-15T23:40"
"1782387048195","OGH","12","Private","Sita Ram Sinku ","","","AM/PU/RB","New Delhi","2026-06-26T15:00","2026-06-27T23:00"
"1771487349522","OGH","13","On Duty","Janak Kumar Garg","","","CCRS","New Delhi","2026-02-20T00:00","2026-02-21T23:00"
"1771487408336","OGH","15","Guest","Guest","CVO/BLW","","","","2026-02-18T22:00","2026-02-23T23:00"
"1782110318803","OGH","15","Guest","Dr Maitri","D K Maurya/PCSC/BLW","","","","2026-06-20T00:00","2026-06-22T23:00"
"1782387156369","OGH","15","Guest","Aman Jaiswal ","RamJanm Chaubey, CME/P&M","","","bareliy ","2026-06-26T00:00","2026-06-27T23:00"
"1789552700911","OGH","15","Guest","Ambressh Tripathi ","R R K Singh, CMM/Eng","","","","2026-09-15T20:00","2026-09-19T09:00"
"1771047785366","OGH","16","Guest","Guest","ADRM/BSB","","","","2026-02-15T00:00","2026-02-17T23:00"
"1771246225905","OGH","16","Guest","Guest","ADRM","","","BSB","2026-02-18T00:00","2026-02-20T23:00"
"1771311352615","OGH","16","On Duty","NPC Team","","","","","2026-02-25T23:00","2026-02-27T23:00"
"1782110474051","OGH","16","Guest","Dr Maitri","D K Maurya/PCSC/BLW","","","","2026-06-20T00:00","2026-06-22T23:00"
"1782387156371","OGH","16","Guest","Aman Jaiswal ","RamJanm Chaubey, CME/P&M","","","bareliy ","2026-06-26T00:00","2026-06-27T23:00"
"1789553823140","OGH","16","Guest","Guest","A N Jha, DG/RPF","","","Railway Board","2026-09-16T13:00","2026-09-18T13:00"
"1771047887158","OGH","17","Guest","S. K Pandey","S.K. Singh,PCE/BLW","9794861200","","","2026-02-13T00:00","2026-02-17T23:00"
"1771048141413","OGH","17","Guest","N.L. Mishra","S.K. Singh,PCE/BLW","9794861200","","Kolkata","2026-02-18T00:00","2026-02-21T23:00"
"1771311423438","OGH","17","On Duty","NPC Team","","","","","2026-02-25T23:00","2026-02-27T23:00"
"1782110409635","OGH","17","Guest","Anand Kapoor","","","Retd PCMM","NR","2026-06-21T13:00","2026-06-23T10:00"
"1782387372528","OGH","17","Guest","Madhu Harsh ","Shishir Tyagi, Dy CEE/HQ","9425447233","Joint Collecter, Govt. Of Chhatisgarh","","2026-06-26T21:00","2026-06-29T08:00"
"1771047887159","OGH","18","Guest","S. K Pandey","S.K. Singh,PCE/BLW","9794861200","","","2026-02-13T00:00","2026-02-17T23:00"
"1771048141414","OGH","18","Guest","N.L. Mishra","S.K. Singh,PCE/BLW","9794861200","","Kolkata","2026-02-18T00:00","2026-02-21T23:00"
"1771327377140","OGH","18","Guest","S C Gupta ","Shishir Tyagi, Dy CEE/HQ","9820120577","","","2026-02-24T12:00","2026-02-25T15:00"
"1782110409637","OGH","18","Guest","Anand Kapoor","","","Retd PCMM","NR","2026-06-21T13:00","2026-06-23T10:00"
"1782461022275","OGH","18","Guest","Awanish Dwivedi","Sunil Kr Gupta, ADGM/NCR","7565877353","","","2026-06-27T14:00","2026-06-28T13:30"
"1771048229653","OGH","19","Private","Om Prakash Gupta","","9811425701","Retd.GM/BLW","","2026-02-16T11:00","2026-02-19T10:00"
"1771487505248","OGH","19","Guest","Anand Prakash ","PFA/BLW","","","","2026-02-21T00:00","2026-02-23T23:00"
"1771048586667","OGH","20","Guest","Sajeev Kumar","CEE/LOCO/BLW","","","","2026-02-13T18:00","2026-02-15T08:00"
"1771224129343","OGH","20","Private","H K Mohanty","","","CCM/FS","ECoR","2026-02-16T05:00","2026-02-17T23:00"
"1771306172720","OGH","20","Private","B P Singh ","","","Retd. AGM","SCR","2026-02-18T18:00","2026-02-21T09:00"
"1771328145241","OGH","20","Guest","Shivangi Gupta ","Neeraj Jain, CME/SE","9794861490","","Mumbai","2026-02-21T10:00","2026-02-23T12:00"
"1771327280916","OGH","20","Guest","Alka Garg","Sanjay Kr Negi, CAO/CORE","9818520695","","PRYJ","2026-02-24T12:00","2026-02-25T15:00"
"1782110841450","OGH","20","On Duty","Athar Noor","","9997173688","Labour Enforcement Officer","PRYJ","2026-06-21T20:00","2026-06-23T10:00"
"1771057649303","OGH","21","Private","Ashutosh Sharma","","","Principal Account General","Hariyana/Chandigarh","2026-02-13T15:00","2026-02-14T14:00"
"1771224458062","OGH","21","Private","Dr Md. A.A. Khan","PCMO/BLW","9412290937","Dir/Medical Dir","NER","2026-02-15T05:00","2026-02-16T20:00"
"1771246896327","OGH","21","Guest","Deepak Giri","CSO","8168159861","","","2026-02-16T21:00","2026-02-20T12:00"
"1782110920801","OGH","21","On Duty","Mukesh Tiwary ","","9997173688","Dy Chief Labour Commissioner ","Kanpur","2026-06-21T20:00","2026-06-22T20:00"
"1782302027099","OGH","21","Guest","Anil Kumar","S K Singh , PCE/BLW","9794861200","","Patna","2026-06-24T20:00","2026-06-26T10:00"
"1782461100715","OGH","21","Guest","Rishi Srivastava","GM/NCR","","","","2026-06-27T12:00","2026-06-30T12:00"
"1789552889478","OGH","21","On Duty","Y K Saxsena ","","","CE/TM","SCR","2026-09-09T06:00","2026-09-14T23:00"
"1789553727460","OGH","21","On Duty","Amarnath","","","Dy CPM","NR","2026-09-18T06:00","2026-09-19T22:00"
"1771048397924","OGH","22","Guest","Guest","Praveen Khurana,PCSO/Jabalpur","9752415650","","","2026-02-14T06:00","2026-02-16T23:00"
"1771049473016","OGH","22","Guest","S.K. Jha","GM/BLW","","","","2026-02-17T00:00","2026-02-19T23:00"
"1771050435877","OGH","22","Private","R K Singh","","9035213020","Dir/Project&Plg","KRIDE/Bengalure","2026-02-20T18:00","2026-02-24T15:00"
"1782111275560","OGH","22","Guest","Chetana Singh","OSD to MR","9552233324","","Rly Bd.","2026-06-20T08:00","2026-06-22T08:00"
"1782461100716","OGH","22","Guest","Rishi Srivastava","GM/NCR","","","","2026-06-27T12:00","2026-06-30T12:00"
"1789552947294","OGH","22","Guest","Guest","ADRM/Infra","","","NER/BSB","2026-09-12T17:00","2026-09-18T23:00"
"1771048397925","OGH","23","Guest","Guest","Praveen Khurana,PCSO/Jabalpur","9752415650","","","2026-02-14T06:00","2026-02-16T23:00"
"1771050239133","OGH","23","Guest","R P Upadhyay","CSO/BLW","9794861401","","Mirzapur","2026-02-17T00:00","2026-02-21T11:52"
"1771487613816","OGH","23","Guest","Manas Mayank ","M K Singh, CEE/Loco","","","","2026-02-22T00:00","2026-02-26T23:00"
"1782460784812","OGH","23","Guest","Ajey ","PFA/BLW","","","","2026-06-26T15:00","2026-06-27T20:00"
"1771058713075","OGH","24","Private","Alok Agrawal ","","","PCMM/BLW","","2026-02-01T00:00","2026-02-28T23:00"
"1782214042667","OGH","24","Guest","Pushkar Sharma ","Ms Sima Diwedi, MP/Raj Sabha","","","","2026-06-23T15:00","2026-06-25T15:00"
"1782387865894","OGH","24","Guest","Bheemehs Gudelli","P K Nayak, Secy to GM","9686866442","","ECoR/Bhubaneswar","2026-06-26T11:00","2026-06-28T10:00"
"1789553035094","OGH","24","Private","RamJanam ","","","PCE/BLW ( On Transfer ) ","","2026-09-18T22:00","2026-09-30T23:00"
"1782214090955","OGH","25","Guest","Bhupendra Chandra Mishra","Ms Sima Diwedi, MP/Rajya Sabha","","","","2026-06-23T15:00","2026-06-25T15:00"
"1782387604151","OGH","25","Guest","Capt Jatin Solanki ","A K Gupta, CDE/EL","","","","2026-06-25T17:00","2026-06-26T23:00"
"1771057430055","OGH","26","Private","Atul Srivastava","","","Retd. IG cum PCSC/RPSF","New Delhi","2026-02-15T17:00","2026-02-18T22:00"
"1771050314916","OGH","26","Guest","Narayan Tripathi","CSO/BLW","8004500001","MLA/Maiher","","2026-02-19T00:00","2026-02-21T23:00"
"1771487701479","OGH","26","Private","S P Singh ","","","AGM ","E Rly","2026-02-23T00:00","2026-02-28T23:00"
"1782460913547","OGH","26","Guest","Dhairya Agarwal","Neeraj Jain, PCME/NWR","7530004344","","","2026-06-27T12:00","2026-06-29T10:00"
"1771477819387","OGH","27","Private","R K Singh","","","Dir/Proje&Plg/KRIDE","","2026-02-20T18:00","2026-02-24T15:00"
"1782123146795","OGH","27","Guest","Milind Pandey ","Dr Devesh/PCMO/BLW","8318057096","","","2026-06-23T00:00","2026-06-24T23:00"
"1782387441575","OGH","27","Private","Anamul Haque","","9794835250","CAO/C","NCR","2026-06-26T20:00","2026-06-28T20:00"
"1771048857482","OGH","28","Guest","Guest","PRO/BLW","9794861008","","","2026-02-13T00:00","2026-02-13T23:00"
"1771048016982","OGH","28","Private","Prem Narayan","","9731665267","Chief Engineer","Bengaluru","2026-02-15T08:00","2026-02-17T16:00"
"1771310136339","OGH","28","Guest","Rahul Mishra ","CSO/BLW","9794861401","","Mirzapur","2026-02-19T00:00","2026-02-21T23:00"
"1771414982165","OGH","28","Guest","Sujay Upadhyay ","Dr A N Jha, Inspector General / RPF","9431095318","","","2026-02-22T00:00","2026-02-23T23:00"
"1782461237042","ORH","101","Guest","Om Prakash Singh","Radheshyam, Comdt","6387875921","","","2026-06-27T15:00","2026-06-29T09:00"
"1771053789750","ORH","108","Private","Palash Saxsena","","","Dy CME/BLW","","2026-02-09T00:00","2026-02-28T23:00"
"1782107611348","ORH","108","Private","Devendra Kumar ","","","Dy CMM/G/BLW","","2026-06-01T00:00","2026-06-30T23:00"
"1789554516394","ORH","108","Private","Utpal Kant ","","","Dy CE ( On Transfer )","","2026-09-01T06:00","2026-09-30T23:00"
"1771053854342","ORH","109","Private","Arvind Kumar","","","Dy CMgM/BLW","","2026-02-12T00:00","2026-02-28T23:00"
"1782107669747","ORH","109","Private","Arvind Kumar","","","Dy CMgM/BLW","","2026-06-01T00:00","2026-06-30T23:00"
"1789554934761","ORH","109","On Duty","Nikhil Sharma + 2","","","IRMS/Probationer","","2026-09-07T06:00","2026-09-18T23:00"
"1771247119127","ORH","110","Guest","G Purnanand/RITES","Dy CME/Project","","","","2026-02-17T00:00","2026-02-19T15:00"
"1782464995895","ORH","110","Private","Mantu Kumar","","","DY CE","ECR","2026-06-25T11:00","2026-06-26T12:00"
"1771496949364","ORH","203","Guest","Guest","Manoj Kumar, CVO/S&M JAIPUR","","","","2026-02-19T12:00","2026-02-21T18:00"
"1771053942694","ORH","T1","Private","Vikas Prasad","","","CMM/HQ/BLW","","2026-02-01T23:00","2026-02-28T23:00"
"1782107796011","ORH","T1","Private","Arvind Kumar ","","","Dy CME/BLW","","2026-09-01T06:00","2026-09-30T23:00"
"1771054130997","ORH","T2","Private","Ravi Kumar Saxsena ","","8511157927","Retd. AGM","","2026-02-14T06:00","2026-02-19T17:00"
"1782107904531","ORH","T2","Private","Mrs Priyamvda Dev","","","IRSME","","2026-06-01T00:00","2026-06-30T23:00"
"1771054271500","ORH","T3","Private","Arvind Kumar Pandey","","","Dy CEE/Insp./BLW","","2026-09-01T06:00","2026-09-30T23:00"
"1771054326828","ORH","T4","Guest","Priyanka Prasad","Vikas Prasad, CMM/HQ/BLW","","","","2026-02-11T00:00","2026-02-15T23:00"
"1771224702742","ORH","T4","Private","Navin Sharma","","","DyCME","","2026-02-16T00:00","2026-02-17T23:00"
"1771496858868","ORH","T4","Guest","Manish Arora","MANOJ KUMAR, CVO/S&M JAIPUR","","IAS","","2026-02-19T12:00","2026-02-21T18:00"
"1782200755613","ORH","T4","Private","Gulaam Server","","","DEE/M/BLW","","2026-06-24T16:00","2026-06-24T20:00"
"1782464597896","ORH","T4","Private","Vikas Keshari","","9955530183","Sr DME","METRO/KOLKATA","2026-06-27T01:00","2026-06-28T23:00"
"1771055456976","ORH","T5","Private","Devendra Kumar","","","Dy CMM/BLW","","2026-02-01T00:00","2026-02-28T13:02"
"1782464783839","ORH","T5","Guest","Mayuri Shandilya","Mayank Shandilya","","","Sr DEE","2026-06-26T15:00","2026-06-27T14:00"
"1782536589095","ORH","T5","Private","Gulam Server","","","DEE/M/BLW","","2026-06-28T00:00","2026-06-30T23:00"
"1782536717201","ORH","T5","Private","Gulam Server ","","","Retd DEE/M/BLW","","2026-07-01T00:00","2026-07-02T23:00"
"1789555011282","ORH","T5","Private","Md Yasif M J ","","","ADMo ( On Transfer )","","2026-09-06T06:00","2026-09-30T23:00"
"1771055551111","ORH","T6","Private","Arvind Kumar","","","Dy CME/BLW","","2026-02-01T00:21","2026-02-28T00:00"
"1782464839359","ORH","T6","Guest","Amit ","Mayank Shandilya","","","Sr DEE","2026-06-26T15:00","2026-06-27T14:00"
"1789555050193","ORH","T6","Private","Dr Komal ","","","CMP","","2026-09-15T00:00","2026-09-30T23:00"
"1771055613071","ORH","T7","Private","Dr Shreya Mrudugal","","","House Surgeon","","2026-02-01T00:00","2026-02-28T23:00"
"1782108062914","ORH","T7","Private","Dr Shreya Mridugal","","","House Surgeon/BLW","","2026-09-01T00:00","2026-09-30T23:00"
"1771055659359","ORH","T8","Private","Ram Pravesh Yadav","","","APO/BLW","","2026-02-01T00:00","2026-02-28T23:00"
"1782108121794","ORH","T8","Private","Sanjay Pile","","","Sr SC/RPF","","2026-06-01T00:00","2026-06-30T23:00"
"1789555115768","ORH","T8","Private","Sachin Srivastava","","","Dy CMM","","2026-09-01T00:00","2026-09-30T23:00"
